Allergist/Immunologist,Allergist/Immunologist,Allergist,Asthma,Allergy,Asthma Specialist
Alternative Medicine,Acupuncturist,Ayurveda,Homeopath,Wellness,Integrated Medicine,Alternative Medicine,Yoga and Naturopathy,Unani,TCM Physician (Traditional Chinese Medicine),Siddha,Ayurveda,Hypnotherapist,Psychotherapist,Yoga,Chiropractor,Naturopathy
Audiologist,Speech Therapist,Audiologist,Speech-Language Pathology
Cardiologist,Cardiologist,Hematologist,Phlebologist,Vascular Surgeon,Coronary Surgery,Cardiovascular and Thoracic Surgery,Cardiovascular and Thoracic Surgeon,Pediatric Cardiologist,Nuclear Cardiologist,Cardiologist,Cardiac Surgeon,Interventional Cardiologist,Cardiac Electrophysiologist,Echocardiologist,Adult Congenital Cardiologist,Heart Failure/Transplant Specialist,"CT,  MRI Cardiologist",Bone Marrow Transplantation SpecialistIntervention Cardiologist (Angioplasty)
Dentist,Dentist,Oral Surgeon,Oral Pathologist,Oral Medicine and Radiology,Implantologist,Dentofacial Orthopedist,Cosmetic/Aesthetic Dentist,Dental Surgeon,Endodontist,Orthodontist,Periodontist,Pediatric Dentist,Prosthodontist,Oral And Maxillofacial Surgeon
Dermatologist/Cosmetologist,Cosmetic/Plastic Surgeon,Dermatologist/Cosmetologist,Aesthetic Surgeon,Hair Transplant Surgeon,Derma,Aesthetic Medicine,Liposuction,Thighplasty (thigh lift),Botox,Cheek Augumentation,Abdominoplasty,Otoplasty (ear surgery),Chemcial Peel,Breast Lift/Augumentation/Reduction,Blepharoplasty,Rhinoplasty (nose surgery),Facelift,Chin Augumentation (mentoplasty),Aesthetic Dermatology,Dermatosurgeon,Dermatopathologist,Cosmetologist,Dermatologist,Immunodermatologist,Pediatric Dermatologist,Trichologist
Dietitian/Nutritionist,Bariatric Surgeon,Dietitian/Nutritionist,Obesity Specialist,Sports Nutritionist,Hospital Nutritionist/Dietitian
Ear-Nose-Throat (ENT) Specialist,Ear-Nose-Throat (ENT) Specialist,Pediatric Otolaryngologist,ENT Surgeon,Laryngologist,Head and Neck Surgery,Head and Neck Surgeon,ENT/ Otolaryngologist,Otologist/ Neurotologist,Rhinologist
Emergency & Critical Care,Emergency & Critical Care
Endocrinologist,Endocrinologist,Diabetologist,Pediatric Endocrinologist,Reproductive Endocrinologist (Infertilty),Neuroendocrinologist,Epidemiologist,General Endocrinologist,Endochrine Surgeon
General Physician,General Physician,General Surgeon,Geriatrician,Pathologist,Internal Medicine,Surgeon,HIV Specialist,Consultant Physician,General Surgeon,Transplant Surgeon,Laparoscopy,Cardiothoracic and Vascular Surgeon,Proctologist,Colorectal Surgeon,Cardiothoracic Surgeon,General Pathologist,Pulmonary Medicine
Gastroenterologist,Gastroenterologist,Proctologist,Chronic liver disease,Gastric Problem,Hepato-Biliary-Pancreatic,Pediatric Gastroenterologist,Upper Gastro-Intestinal Surgeon,Intestine Surgery,epato-Biliary-Pancreatic,Colon Surgeries,Hepatology
Geneticist,Geneticist
Gynecologist/Obstetrician,Gynecologic Oncologist,Gynecologist/Obstetrician,Embroyologist,Consultant Physician,IVF Specialist,Reproductive Endocrinology,Infertility Specialist,Urogynecologist,Laparoscopic Surgeon,Gynecologist,Infertility,Obstetrician,Perinatologist
Nephrologist,Nephrologist,Renal Nurse,Nephrologist/Renal Specialist,Home Hemodialysis Nurse,Renal Dietician
Neurologist,Neurologist,Neurosurgeon,Headache Specialist,Neuroimaging Specialist,Neurophysiologist,Neurointerventional Surgery,Pediatric Neurologist,Geriatric Neurologist,General Neurologist,Behavioral Neurologist,Autonomic Neurologist,Neurointensive Care,Neuro Rehablitation,Neuro Physiotherapist
Oncologist,Oncologist,Surgical Oncologist,Pediatric Oncologist,Hematologic Oncologist,Neuro-Oncologist,Radiation Oncologist,Oncologist/Cancer Specialist
Ophthalmologist,Ophthalmologist,Opticians,Ophthalmologist/ Eye Surgeon,Low Vision Specialist,Optometrist
Orthopedist,Anesthesiologist,Orthopedist,Podiatrist,Rheumatologist,Anesthesia and Pain Medicine,Spine and Pain Specialist,Spine Surgeon,Pediatric Orthopedic Surgeon,Hand Surgeon,Total Joint Surgeon,Orthopedic Surgeon
Pediatrician,Pediatrician,Neonatalogist,Pediatric Neurologist,Paediatric Intensivist,Pediatric Surgeon,Neonatal Surgeon
Physiotherapist,Occupational Therapist,Rehab & Physical Medicine Specialist,Physiotherapist,Sports Medicine Specialist,OT For Mentally Challenged,Geriatric OT,Pediatric OT,Neuro Physiotherapist,Diabetes,Cardiovascular And Pulmonary Physiotherapist,Sports and Musculoskeletal Physiotherapist,Clinical Physiotherapist,Pediatric Physiotherapist,Consultant Physiotherapist,Neuro Physiotherapis,Orthopedic Physiotherapist,Geriatric Physiotherapist,Homecare Physiotherapist,Sports Medicine Physician,Sports Medicine Surgeon,Sports Medicine Nutritionist
Psychiatrist,Psychiatrist,Psychologist,Toxicologist,Forensic Psychiatrist,Veterinary Toxicologist,Adolescent And Child Psychiatrist,Adult Psychiatrist,Addiction Psychiatrist,Geriatric Psychiatrist,Neuropsychiatrist,Counselling Psychologist,Clinical Psychologist,Forensic Psychologist,Health Psychologist,Educational Psychologist,Occupational Psychologist,Neuropsychologist,Nutritional Toxicologist,Environmental Toxicologist,Clinical/Biomedical Toxicologist
Pulmonologist,Pulmonologist,Pediatric Pulmonologist,Thoracic (Chest) Surgeon
Radiologist,Nuclear Medicine Physician,Radiologist,Ultrasonologist,Sonologist
Somnologist,Somnologist,Somnologist (Sleep Specialist)
Spa,Spa,Saloon,Spa Therapist,Beautician
Urologist,Urologist,Sexologist,Venereologist,Pediatric Urologist,Urological Surgeon,Andrologist
Veterinarian,Veterinarian,Veterinary Surgeon,Veterinary Physician
